query1.jpg, 00136d1cf4edede0203f32f05f660588.jpg 00039780dfc94d01db8676fe789ecd05.jpg 0019a3c6755a194cb2e2c12bfc63972e.jpg 0013e7355ffc5ff8fb1ccad3e42d92fe.jpg 001be52b2beec40ddc1d2d7fc7a68f08.jpg 00117e4fc239b1b641ff08340b429633.jpg 00144a49c56599d45354a1c28104c039.jpg 0014f61389cbaa687a58e38a97b6383d.jpg 000a190fdd715a2a36faed16e2c65df7.jpg 0000a68812bc7e98c42888dfb1c07da0.jpg
query1.jpg, 00136d1cf4edede0203f32f05f660588.jpg 00039780dfc94d01db8676fe789ecd05.jpg 0019a3c6755a194cb2e2c12bfc63972e.jpg 0013e7355ffc5ff8fb1ccad3e42d92fe.jpg 001be52b2beec40ddc1d2d7fc7a68f08.jpg 00117e4fc239b1b641ff08340b429633.jpg 00144a49c56599d45354a1c28104c039.jpg 0014f61389cbaa687a58e38a97b6383d.jpg 000a190fdd715a2a36faed16e2c65df7.jpg 0000a68812bc7e98c42888dfb1c07da0.jpg
query1.jpg, 00136d1cf4edede0203f32f05f660588.jpg 00039780dfc94d01db8676fe789ecd05.jpg 0019a3c6755a194cb2e2c12bfc63972e.jpg 0013e7355ffc5ff8fb1ccad3e42d92fe.jpg 001be52b2beec40ddc1d2d7fc7a68f08.jpg 00117e4fc239b1b641ff08340b429633.jpg 00144a49c56599d45354a1c28104c039.jpg 0014f61389cbaa687a58e38a97b6383d.jpg 000a190fdd715a2a36faed16e2c65df7.jpg 0000a68812bc7e98c42888dfb1c07da0.jpg
query1.jpg, 00136d1cf4edede0203f32f05f660588.jpg 00039780dfc94d01db8676fe789ecd05.jpg 0019a3c6755a194cb2e2c12bfc63972e.jpg 0013e7355ffc5ff8fb1ccad3e42d92fe.jpg 001be52b2beec40ddc1d2d7fc7a68f08.jpg 00117e4fc239b1b641ff08340b429633.jpg 00144a49c56599d45354a1c28104c039.jpg 0014f61389cbaa687a58e38a97b6383d.jpg 000a190fdd715a2a36faed16e2c65df7.jpg 0000a68812bc7e98c42888dfb1c07da0.jpg
query1.jpg, 00136d1cf4edede0203f32f05f660588.jpg 00039780dfc94d01db8676fe789ecd05.jpg 0019a3c6755a194cb2e2c12bfc63972e.jpg 0013e7355ffc5ff8fb1ccad3e42d92fe.jpg 001be52b2beec40ddc1d2d7fc7a68f08.jpg 00117e4fc239b1b641ff08340b429633.jpg 00144a49c56599d45354a1c28104c039.jpg 0014f61389cbaa687a58e38a97b6383d.jpg 000a190fdd715a2a36faed16e2c65df7.jpg 0000a68812bc7e98c42888dfb1c07da0.jpg
query1.jpg, 00136d1cf4edede0203f32f05f660588.jpg 00039780dfc94d01db8676fe789ecd05.jpg 0019a3c6755a194cb2e2c12bfc63972e.jpg 0013e7355ffc5ff8fb1ccad3e42d92fe.jpg 001be52b2beec40ddc1d2d7fc7a68f08.jpg 00117e4fc239b1b641ff08340b429633.jpg 00144a49c56599d45354a1c28104c039.jpg 0014f61389cbaa687a58e38a97b6383d.jpg 000a190fdd715a2a36faed16e2c65df7.jpg 0000a68812bc7e98c42888dfb1c07da0.jpg
query1.jpg, 00136d1cf4edede0203f32f05f660588.jpg 00039780dfc94d01db8676fe789ecd05.jpg 0019a3c6755a194cb2e2c12bfc63972e.jpg 0013e7355ffc5ff8fb1ccad3e42d92fe.jpg 001be52b2beec40ddc1d2d7fc7a68f08.jpg 00117e4fc239b1b641ff08340b429633.jpg 00144a49c56599d45354a1c28104c039.jpg 0014f61389cbaa687a58e38a97b6383d.jpg 000a190fdd715a2a36faed16e2c65df7.jpg 0000a68812bc7e98c42888dfb1c07da0.jpg
query1.jpg, 00136d1cf4edede0203f32f05f660588.jpg 00039780dfc94d01db8676fe789ecd05.jpg 0019a3c6755a194cb2e2c12bfc63972e.jpg 0013e7355ffc5ff8fb1ccad3e42d92fe.jpg 001be52b2beec40ddc1d2d7fc7a68f08.jpg 00117e4fc239b1b641ff08340b429633.jpg 00144a49c56599d45354a1c28104c039.jpg 0014f61389cbaa687a58e38a97b6383d.jpg 000a190fdd715a2a36faed16e2c65df7.jpg 0000a68812bc7e98c42888dfb1c07da0.jpg
query1.jpg, 00136d1cf4edede0203f32f05f660588.jpg 00039780dfc94d01db8676fe789ecd05.jpg 0019a3c6755a194cb2e2c12bfc63972e.jpg 0013e7355ffc5ff8fb1ccad3e42d92fe.jpg 001be52b2beec40ddc1d2d7fc7a68f08.jpg 00117e4fc239b1b641ff08340b429633.jpg 00144a49c56599d45354a1c28104c039.jpg 0014f61389cbaa687a58e38a97b6383d.jpg 000a190fdd715a2a36faed16e2c65df7.jpg 0000a68812bc7e98c42888dfb1c07da0.jpg
query1.jpg, 00136d1cf4edede0203f32f05f660588.jpg 00039780dfc94d01db8676fe789ecd05.jpg 0019a3c6755a194cb2e2c12bfc63972e.jpg 0013e7355ffc5ff8fb1ccad3e42d92fe.jpg 001be52b2beec40ddc1d2d7fc7a68f08.jpg 00117e4fc239b1b641ff08340b429633.jpg 00144a49c56599d45354a1c28104c039.jpg 0014f61389cbaa687a58e38a97b6383d.jpg 000a190fdd715a2a36faed16e2c65df7.jpg 0000a68812bc7e98c42888dfb1c07da0.jpg
